"ID","Name","Distance (mi)","Moving time (s)","Elapsed time (s)","Elevation gain (ft)","Avg speed (mph)","Max speed (mph)","Avg cadence","Avg temp (C)","Avg HR","Max HR","Calories","Shoes","Start timestamp (local)","Start Lat","Start Lng","End Lat","End Lng","City","State","Country","Achievements","Kudos","Workout type"
"171882110","02/05/2013","1.02575956415","602","602","0.0","6.13367931281","9.61882605583","","","","","131.1","Reebok","2013-2-5 12:46:2","37.88","-122.28","37.88","-122.29","","","United States","0","0","0"
"171911056","02/13/2013","1.10324455182","627","627","34.7769028871","6.3350035791","8.72405153901","","","","","144.1","Reebok","2013-2-13 14:8:58","37.88","-122.29","37.88","-122.29","","","United States","0","0","0"
"171911055","02/14/2013","1.24615992603","694","694","35.7611548556","6.46474588404","10.5136005727","","","","","164.6","Reebok","2013-2-14 12:17:13","37.88","-122.29","37.88","-122.29","","","United States","0","0","0"
"171911057","02/17/2013 Berkeley, CA","1.24522786924","702","702","77.7559055118","6.38645311382","10.0662133142","","","","","164.2","Reebok","2013-2-17 12:56:29","37.88","-122.27","37.88","-122.27","Berkeley","CA","United States","0","0","0"
"171911058","02/20/2013","0.951319295315","483","483","39.6981627297","7.09108804581","11.1846814603","","","","","124.4","Reebok","2013-2-20 9:17:39","37.88","-122.29","37.88","-122.29","","","United States","0","0","0"
"171911924","02/23/2013","1.48998598187","840","840","0.0","6.38645311382","0.0","","","","","193.8","Reebok","2013-2-23 20:28:0","","","","","","","United States","0","0","0"
"171912133","02/25/2013","1.76003390201","960","960","0.0","6.59896206156","0.0","","","","","228.9","Reebok","2013-2-25 18:41:0","","","","","","","United States","0","0","0"
"171912943","03/04/2013 Berkeley, CA","2.03809751054","1216","1230","0.0","6.03301717967","13.4216177523","","","","","252.8","Reebok","2013-3-4 11:38:13","37.88","-122.26","37.87","-122.27","Berkeley","CA","United States","0","0","0"
"171912945","03/05/2013 Berkeley, CA","2.31653394178","1356","1371","0.0","6.14933786686","10.2899069435","","","","","288.4","Reebok","2013-3-5 9:37:35","37.88","-122.26","37.87","-122.27","Berkeley","CA","United States","0","0","0"
"171912947","03/09/2013","2.02610504653","1199","1233","0.0","6.08446671439","9.61882605583","","","","","263.5","Reebok","2013-3-9 10:19:5","37.88","-122.29","37.88","-122.29","","","United States","0","0","0"
"171912956","03/11/2013","4.72024626183","3064","3081","240.157480315","5.545365068","11.6320687187","","","","","629.7","Reebok","2013-3-11 13:46:55","37.88","-122.29","37.87","-122.27","","","United States","0","0","0"
"171912949","03/13/2013 Berkeley, CA","2.68500705878","1473","1473","0.0","6.56317108089","10.0662133142","","","","","324.5","Reebok","2013-3-13 12:48:54","37.88","-122.26","37.88","-122.29","Berkeley","CA","United States","1","0","0"
"171912955","03/17/2013","2.31137656088","1374","1456","142.060367454","6.05538654259","9.17143879742","","","","","309.3","Reebok","2013-3-17 11:7:38","37.88","-122.29","37.89","-122.29","","","United States","0","0","0"
"171912954","03/25/2013","2.48797025372","1481","1481","168.635170604","6.04867573372","9.61882605583","","","","","340.4","Reebok","2013-3-25 12:20:26","37.88","-122.29","37.87","-122.26","","","United States","0","0","0"
"171920383","03/27/2013","3.15998319812","1800","1800","0.0","6.31934502505","0.0","","","","","411.0","Reebok","2013-3-27 20:47:0","","","","","","","United States","0","0","0"
"171912953","03/29/2013","2.39153344468","1280","1280","0.0","6.72646743021","7.82927702219","","","","","307.1","Reebok","2013-3-29 17:1:0","37.88","-122.29","37.88","-122.3","","","United States","0","0","0"
"171922159","04/03/2013 Berkeley, CA","2.3628260956","1344","1414","127.624671916","6.32829277022","10.7372942019","","","","","309.6","Reebok","2013-4-3 12:28:54","37.88","-122.26","37.88","-122.26","Berkeley","CA","United States","0","0","0"
"171921547","04/05/2013","3.98000676052","2230","2230","0.0","6.42448103078","0.0","","","","","517.6","Reebok","2013-4-5 19:57:0","","","","","","","United States","0","0","0"
"171922158","04/09/2013 Berkeley, CA","3.75457329197","2116","2116","0.0","6.38869005011","23.7115246958","","","","","488.6","Reebok","2013-4-9 11:36:13","37.87","-122.26","37.87","-122.27","Berkeley","CA","United States","0","0","0"
"171922162","04/15/2013 Berkeley, CA","3.41760369442","1858","1858","0.0","6.62133142448","11.1846814603","","","","","433.1","Reebok","2013-4-15 11:51:51","37.88","-122.26","37.87","-122.26","Berkeley","CA","United States","0","0","0"
"171922164","04/17/2013 Berkeley, CA","6.26814403881","3786","3802","33.4645669291","5.95919828203","10.9609878311","","","","","814.9","Reebok","2013-4-17 11:27:36","37.87","-122.26","37.87","-122.26","Berkeley","CA","United States","0","0","0"
"171922702","04/21/2013","8.24845402847","5107","5486","326.771653543","5.81379742305","10.7372942019","","","","","1091.7","Reebok","2013-4-21 1:30:37","37.89","-122.09","37.89","-122.1","","","United States","7","0","2"
"171922973","04/25/2013","3.23473415255","1886","1886","181.758530184","6.17394416607","10.7372942019","","","","","433.0","Reebok","2013-4-25 1:30:34","37.88","-122.29","37.88","-122.28","","","United States","7","0","0"
"171923171","04/26/2013","3.74345074763","2049","2120","44.9475065617","6.57659269864","11.6320687187","","","","","490.5","Reebok","2013-4-26 3:40:25","37.88","-122.29","37.89","-122.29","","","United States","0","0","0"
"171923433","04/28/2013 Berkeley, CA","6.77449942337","4119","4278","308.727034121","5.92117036507","12.7505368647","","","","","902.4","Reebok","2013-4-28 1:23:4","37.91","-122.26","37.91","-122.26","Berkeley","CA","United States","3","0","0"
"171923715","04/30/2013","4.18947098942","2339","2413","169.947506562","6.44908732999","10.7372942019","","","","","547.1","Reebok","2013-4-30 13:4:58","37.88","-122.29","37.88","-122.29","","","United States","2","0","0"
"171923961","05/02/2013","3.35820060845","1916","2021","122.703412073","6.31039727989","11.1846814603","","","","","438.8","Reebok","2013-5-2 2:49:8","37.88","-122.29","37.88","-122.29","","","United States","0","0","0"
"171924199","Los Vaqueros Wildflower 10K, 2013","6.46723136881","4164","4464","645.01312336","5.21653543307","9.84251968504","","","","","874.9","Reebok","2013-5-4 2:0:3","37.81","-121.75","37.81","-121.75","","","United States","0","0","1"
"171924449","05/08/2013","6.34364063867","3464","3628","314.304461942","6.59225125268","23.7115246958","","","","","831.6","Reebok","2013-5-8 14:8:14","37.88","-122.29","37.88","-122.29","","","United States","3","0","0"
"72668414","05/11/2013 Berkeley, CA","9.37723693629","5652","5660","274.606299213","5.97261989979","8.50035790981","","","","","1237.5","Reebok","2013-5-11 17:12:1","37.88","-122.29","37.87","-122.27","Berkeley","CA","United States","4","0","2"
"171925723","05/15/2013","3.11002495427","1920","1920","0.0","5.83169291339","0.0","","","","","404.5","Reebok","2013-5-15 7:0:0","","","","","","","United States","0","0","0"
"72668406","05/19/2013 Aurangabad, MH, India","3.11114342241","1795","1797","73.8188976378","6.23881531854","8.50035790981","","","","","405.9","Reebok","2013-5-19 7:38:3","19.88","75.35","19.88","75.35","Aurangabad","MH","India","0","0","0"
"72668400","05/21/2013 Aurangabad, MH, India","5.78297741191","3837","3988","432.086614173","5.42680744452","8.0529706514","76.9","","","","783.1","Reebok","2013-5-21 6:0:36","19.92","75.32","19.92","75.32","Aurangabad","MH","India","2","0","0"
"72668388","05/23/2013 Aurangabad, MH, India","10.0480692754","6770","6792","519.356955381","5.34404080172","7.60558339298","76.5","","","","1335.0","Reebok","2013-5-23 5:42:37","19.89","75.31","19.89","75.31","Aurangabad","MH","India","4","0","2"
"72668386","05/26/2013 Aurangabad, MH, India","6.93779577269","4228","4334","448.162729659","5.90774874732","8.50035790981","78.9","","","","926.9","Reebok","2013-5-26 5:40:58","19.89","75.31","19.89","75.31","Aurangabad","MH","India","1","0","0"
"72668378","06/01/2013 Aurangabad, MH, India","3.11344249582","1808","2092","0.0","6.19855046528","7.60558339298","79.4","","","","404.9","Reebok","2013-6-1 5:39:35","19.88","75.37","19.89","75.37","Aurangabad","MH","India","0","0","0"
"72668380","06/05/2013 Berkeley, CA","6.27945299451","3577","3642","302.82152231","6.31934502505","10.7372942019","80.2","","","","823.3","Reebok","2013-6-5 8:36:31","37.88","-122.29","37.88","-122.29","Berkeley","CA","United States","2","0","0"
"72668382","06/07/2013 Berkeley, CA","12.4499174819","7747","7782","53.8057742782","5.78471725125","10.2899069435","78.6","","159.0","159","1620.6","Reebok","2013-6-7 17:41:53","37.88","-122.29","37.87","-122.29","Berkeley","CA","United States","4","0","2"
"72668372","06/13/2013 Berkeley, CA","1.01612831067","509","509","39.6981627297","7.18727630637","8.94774516822","83.8","","","","132.5","Reebok","2013-6-13 21:17:27","37.88","-122.29","37.88","-122.29","Berkeley","CA","United States","1","0","0"
"72668393","San Francisco Half Marathon, 2013","13.3615932952","8098","8098","705.052493438","5.9390658554","12.0794559771","81.7","","","","1782.9","Reebok","2013-6-16 6:2:43","37.79","-122.39","37.77","-122.47","San Francisco","CA","United States","4","0","1"
"72668357","07/15/2013 Berkeley, CA","0.99736290066","482","482","39.3700787402","7.44899785254","10.7372942019","81.5","","","","143.4","Saucony Stabil CS2","2013-7-15 10:19:24","37.88","-122.29","37.88","-122.29","Berkeley","CA","United States","3","0","0"
"171930613","07/22/2013","0.997238626422","505","505","39.0419947507","7.10898353615","9.84251968504","","","","","130.1","Saucony Stabil CS2","2013-7-22 2:49:47","37.88","-122.29","37.88","-122.29","","","United States","0","0","0"
"72668359","07/25/2013 Berkeley, CA","1.40933200111","678","678","33.4645669291","7.48255189692","9.61882605583","83.2","","","","202.9","Saucony Stabil CS2","2013-7-25 21:48:50","37.88","-122.29","37.88","-122.29","Berkeley","CA","United States","1","0","0"
"72668356","07/27/2013 Berkeley, CA","3.10946572019","1690","1692","186.351706037","6.62356836077","10.0662133142","77.9","","","","455.1","Saucony Stabil CS2","2013-7-27 17:13:53","37.9","-122.25","37.91","-122.24","Berkeley","CA","United States","2","0","0"
"72668349","07/30/2013 Berkeley, CA","1.99186749384","941","943","0.0","7.62124194703","9.17143879742","81.6","","","","285.9","Saucony Stabil CS2","2013-7-30 18:14:33","37.87","-122.26","37.87","-122.27","Berkeley","CA","United States","6","0","0"
"72668352","08/01/2013 Berkeley, CA","4.35699266285","2531","2833","596.456692913","6.19631352899","8.94774516822","77.1","","","","648.5","Saucony Stabil CS2","2013-8-1 19:45:24","37.87","-122.26","37.88","-122.27","Berkeley","CA","United States","0","0","0"
"72668346","08/04/2013 Oakland, CA","3.11406386702","1599","1603","0.0","7.0105583393","10.5136005727","79.9","","","","447.4","Saucony Stabil CS2","2013-8-4 8:55:6","37.81","-122.26","37.81","-122.26","Oakland","CA","United States","6","0","0"
"72819743","08/06/2013 Berkeley, CA","2.25545315358","1127","1130","0.0","7.20517179671","11.4083750895","82.1","","","","323.8","Saucony Stabil CS2","2013-8-6 18:52:53","37.87","-122.26","37.87","-122.26","Berkeley","CA","United States","6","0","0"
"73272088","08/08/2013 Berkeley, CA","4.7340407023","2652","2796","662.729658793","6.42671796707","11.8557623479","79.8","","","","719.5","Saucony Stabil CS2","2013-8-8 18:14:5","37.87","-122.27","37.88","-122.26","Berkeley","CA","United States","6","0","0"
"74041714","08/11/2013 Kensington, CA","3.12444076593","2015","2341","76.7716535433","5.58115604868","9.61882605583","73.8","","","","468.3","Saucony Stabil CS2","2013-8-11 12:18:9","37.91","-122.27","37.91","-122.27","Kensington","CA","United States","0","0","0"
"75050310","08/15/2013 Berkeley, CA","3.11580370635","1800","1931","598.097112861","6.23210450966","9.61882605583","78.9","","","","506.5","Saucony Stabil CS2","2013-8-15 19:28:31","37.87","-122.27","37.89","-122.27","Berkeley","CA","United States","6","0","0"
"75780311","08/18/2013 Berkeley, CA","6.3249995029","3693","3778","664.37007874","6.1649964209","10.2899069435","76.9","","","","934.7","Saucony Stabil CS2","2013-8-18 9:52:32","37.87","-122.26","37.87","-122.26","Berkeley","CA","United States","0","0","0"
"76052969","08/19/2013 Berkeley, CA","1.27300316154","520","1297","0.0","8.81352899069","11.4083750895","88.7","","","","182.6","Saucony Stabil CS2","2013-8-19 20:11:53","37.87","-122.27","37.87","-122.27","Berkeley","CA","United States","3","0","0"
"76052967","08/19/2013 Berkeley, CA","0.517788614491","201","299","0.0","9.27433786686","11.6320687187","88.4","","","","74.3","Saucony Stabil CS2","2013-8-19 20:38:5","37.87","-122.27","37.87","-122.27","Berkeley","CA","United States","2","0","0"
"76579245","08/21/2013 Berkeley, CA","3.68765161457","2014","2026","206.364829396","6.59225125268","9.61882605583","80.6","","","","526.8","Saucony Stabil CS2","2013-8-21 18:28:17","37.88","-122.26","37.87","-122.26","Berkeley","CA","United States","3","0","0"
"76825110","08/22/2013 Berkeley, CA","4.09980712638","2400","2641","491.141732283","6.14933786686","8.50035790981","81.2","","","","607.9","Saucony Stabil CS2","2013-8-22 19:49:51","37.88","-122.26","37.87","-122.26","Berkeley","CA","United States","3","0","0"
"77262825","08/24/2013 Berkeley, CA","6.26913823272","3496","3500","384.186351706","6.45579813887","9.39513242663","81.3","","","","926.9","Saucony Stabil CS2","2013-8-24 8:28:26","37.9","-122.25","37.91","-122.24","Berkeley","CA","United States","3","0","0"
"78240633","08/27/2013 Berkeley, CA","4.07526296429","2262","2334","301.181102362","6.48487831067","11.8557623479","81.2","","","","586.6","Saucony Stabil CS2","2013-8-27 19:57:45","37.88","-122.26","37.87","-122.26","Berkeley","CA","United States","2","0","0"
"78481749","08/29/2013 Berkeley, CA","4.01200737692","2466","2466","535.761154856","5.8562992126","9.84251968504","80.6","","","","605.9","Saucony Stabil CS2","2013-8-29 8:32:50","37.88","-122.26","37.88","-122.26","Berkeley","CA","United States","1","0","0"
"79056779","08/31/2013 Berkeley, CA","7.26115734113","4057","4138","278.215223097","6.44237652112","10.7372942019","81.4","","","","1045.7","Saucony Stabil CS2","2013-8-31 10:20:49","37.87","-122.26","37.87","-122.27","Berkeley","CA","United States","2","0","0"
"80168260","09/04/2013 Berkeley, CA","5.01931221665","2741","2763","457.020997375","6.59225125268","10.5136005727","83.4","","","","737.5","Saucony Stabil CS2","2013-9-4 18:54:8","37.88","-122.26","37.87","-122.26","Berkeley","CA","United States","0","0","0"
"80890823","09/07/2013 Richmond, CA","8.80818519844","5521","6254","678.805774278","5.744452398","8.2766642806","80.0","","","","1331.2","Saucony Stabil CS2","2013-9-7 10:7:19","37.95","-122.32","37.95","-122.32","Richmond","CA","United States","0","0","0"
"81407705","09/09/2013 Berkeley, CA","2.31796309552","910","1478","0.0","9.16920186113","12.0794559771","90.3","","","","332.7","Saucony Stabil CS2","2013-9-9 20:3:13","37.87","-122.27","37.87","-122.27","Berkeley","CA","United States","4","0","0"
"81641320","09/10/2013 Berkeley, CA","4.07358526207","2172","2232","169.291338583","6.75107372942","10.2899069435","82.5","","","","589.2","Saucony Stabil CS2","2013-9-10 21:31:20","37.88","-122.29","37.88","-122.29","Berkeley","CA","United States","1","0","0"
"82083846","09/12/2013 Berkeley, CA","5.22790652589","2881","2908","704.396325459","6.5318539728","10.5136005727","84.6","","","","781.9","Saucony Stabil CS2","2013-9-12 20:54:24","37.88","-122.26","37.88","-122.26","Berkeley","CA","United States","4","0","0"
"82508380","09/14/2013 Kensington, CA","9.01441829714","5583","6114","1082.34908136","5.81156048676","9.39513242663","77.8","","","","1243.5","Saucony Stabil CS2","2013-9-14 13:52:29","37.91","-122.26","37.91","-122.26","Kensington","CA","United States","1","0","2"
"82978059","09/16/2013 Berkeley, CA","1.85230752406","701","1371","0.0","9.51145311382","11.6320687187","92.0","","","","265.9","Saucony Stabil CS2","2013-9-16 20:10:47","37.87","-122.27","37.87","-122.27","Berkeley","CA","United States","3","0","0"
"83182104","09/17/2013 Berkeley, CA","4.26409766961","2223","2275","227.034120735","6.90542233357","9.17143879742","83.7","","","","617.5","Saucony Stabil CS2","2013-9-17 19:51:15","37.88","-122.29","37.88","-122.29","Berkeley","CA","United States","0","0","0"
"83590061","09/19/2013 Berkeley, CA","5.25008947745","2930","2952","701.771653543","6.45132426628","9.39513242663","83.2","","","","782.7","Saucony Stabil CS2","2013-9-19 20:31:7","37.88","-122.26","37.88","-122.26","Berkeley","CA","United States","6","0","0"
"84995189","09/25/2013 San Diego, CA","4.00523443092","1973","2340","94.4881889764","7.30807086614","10.9609878311","85.5","","","","581.6","Saucony Stabil CS2","2013-9-25 8:12:12","32.87","-117.22","32.87","-117.22","San Diego","CA","United States","0","0","0"
"85905119","09/29/2013 Berkeley, CA","8.38298089159","4679","4839","545.275590551","6.44908732999","8.50035790981","81.6","","","","1241.6","Saucony Stabil CS2","2013-9-29 10:45:36","37.9","-122.25","37.9","-122.24","Berkeley","CA","United States","3","0","0"
"86241001","09/30/2013 Berkeley, CA","2.15503956892","764","1783","0.0","10.1556907659","11.8557623479","93.3","","","","309.4","Saucony Stabil CS2","2013-9-30 20:4:48","37.87","-122.27","37.87","-122.27","Berkeley","CA","United States","1","0","0"
"86766859","10/03/2013 Berkeley, CA","5.27537928498","2833","2904","776.57480315","6.70409806729","9.61882605583","82.7","","","","802.5","Saucony Stabil CS2","2013-10-3 19:2:36","37.87","-122.26","37.88","-122.26","Berkeley","CA","United States","4","0","0"
"87392174","10/06/2013 Oakland, CA","6.32064990456","4234","5153","839.238845144","5.37312097351","9.84251968504","74.3","","","","1008.9","Saucony Stabil CS2","2013-10-6 10:18:55","37.77","-122.13","37.78","-122.13","Oakland","CA","United States","1","0","0"
"87806577","10/07/2013 Berkeley, CA","2.1342857711","745","1707","0.0","10.3122763064","12.3031496063","93.3","","","","306.3","Saucony Stabil CS2","2013-10-7 20:2:45","37.87","-122.27","37.87","-122.27","Berkeley","CA","United States","1","0","0"
"88947351","10/12/2013 Berkeley, CA","11.0089576871","7366","7973","1327.75590551","5.37983178239","8.72405153901","76.3","","","","1531.4","Saucony Stabil CS2","2013-10-12 11:38:29","37.88","-122.29","37.88","-122.26","Berkeley","CA","United States","1","0","2"
"90381439","Tarantula Run 10K, 2013","6.15828561203","3667","3669","840.223097113","6.04196492484","9.39513242663","78.9","","","","878.0","Saucony Stabil CS2","2013-10-19 8:31:42","37.85","-121.7","37.85","-121.7","Brentwood","CA","United States","1","0","1"
"90673124","10/21/2013 Berkeley, CA","2.11744661179","743","1370","0.0","10.2585898354","12.3031496063","93.2","","","","275.4","Saucony Stabil CS2","2013-10-21 20:2:59","37.87","-122.27","37.87","-122.27","Berkeley","CA","United States","1","0","3"
"90783831","10/22/2013 Berkeley, CA","6.20116022429","3239","3261","297.244094488","6.89200071582","10.0662133142","83.8","","165.8","181","898.4","Saucony Stabil CS2","2013-10-22 20:5:34","37.88","-122.29","37.88","-122.29","Berkeley","CA","United States","1","0","0"
"91146027","10/24/2013 Berkeley, CA","5.28364352183","2930","2938","677.82152231","6.49158911954","10.0662133142","82.9","","167.9","188","791.4","Saucony Stabil CS2","2013-10-24 20:24:54","37.88","-122.26","37.88","-122.26","Berkeley","CA","United States","6","0","0"
"91770565","10/26/2013 Lafayette, CA","9.05020927782","5047","5892","343.832020997","6.45579813887","10.2899069435","82.3","","120.3","200","1207.3","Saucony Stabil CS2","2013-10-26 11:25:18","37.89","-122.09","37.89","-122.09","Lafayette","CA","United States","0","0","2"
"92498452","10/28/2013 Berkeley, CA","2.15845711047","758","1457","0.0","10.2518790265","13.4216177523","91.9","","152.6","183","280.8","Saucony Stabil CS2","2013-10-28 20:1:42","37.87","-122.27","37.87","-122.27","Berkeley","CA","United States","1","0","3"
"92498449","10/30/2013 Berkeley, CA","3.10816084069","1653","1713","37.4015748031","6.76896921976","8.94774516822","83.3","","","","446.5","Saucony Stabil CS2","2013-10-30 21:5:41","37.88","-122.29","37.88","-122.29","Berkeley","CA","United States","0","0","0"
"92498451","10/31/2013 Berkeley, CA","4.0617170723","2100","2100","149.278215223","6.96358267717","10.5136005727","84.0","","","","586.7","Saucony Stabil CS2","2013-10-31 22:55:1","37.88","-122.29","37.88","-122.29","Berkeley","CA","United States","4","0","0"
"93125216","11/02/2013 Oakland, CA","12.0019709894","8315","9621","1526.90288714","5.19640300644","8.2766642806","74.8","","","","1688.1","Saucony Stabil CS2","2013-11-2 10:13:41","37.77","-122.13","37.77","-122.13","Oakland","CA","United States","1","0","2"
"171933001","11/04/2013","2.00000745645","813","813","0.0","8.85603078024","0.0","","","","","260.1","Saucony Stabil CS2","2013-11-4 20:0:0","","","","","","","United States","0","0","3"
"95764447","Big Sur Half Marathon, 2013","13.3587349877","7321","7337","166.666666667","6.55422333572","9.61882605583","84.1","","","","1755.2","Saucony Stabil CS2","2013-11-17 7:18:11","36.6","-121.89","36.6","-121.89","Monterey","CA","United States","5","0","1"
"96993346","Berkeley Half Marathon, 2013","13.3309596954","11159","11450","87.9265091864","4.19201861131","8.72405153901","70.0","","","","1727.1","Saucony Stabil CS2","2013-11-24 8:13:31","37.87","-122.27","37.89","-122.32","Berkeley","CA","United States","4","0","1"
"100424128","12/14/2013 Point Reyes Station, CA","8.93332935656","5165","5932","817.257217848","6.22763063708","9.84251968504","","","","","1340.2","Saucony Stabil CS2","2013-12-14 19:13:13","38.04","-122.8","38.04","-122.8","Point Reyes Station","CA","United States","0","0","0"
"171934529","12/24/2013 Berkeley, CA","1.31171458681","628","628","0.0","7.51834287759","8.50035790981","","","","","162.7","Saucony Stabil CS2","2013-12-24 10:30:0","37.87","-122.28","37.88","-122.29","Berkeley","CA","United States","0","0","0"
"189367065","End of year run","3.09983446671","1643","1643","0.0","6.79133858268","0.0","","","","","403.1","Saucony Stabil CS2","2013-12-31 18:15:11","","","","","","","United States","0","0","0"
"189366547","Rehab 5K","3.131772946","1628","1631","167.979002625","6.9255547602","10.5136005727","86.2","","","","410.9","Saucony Stabil CS2","2014-1-18 10:57:36","37.87","-122.28","37.87","-122.28","Berkeley","CA","United States","0","0","0"
"110851115","Death Valley Half Marathon, 2014","12.9754732363","9019","9025","224.081364829","5.17627057981","10.2899069435","78.5","","162.5","179","1692.5","Saucony Stabil CS2","2014-2-1 8:22:23","36.46","-116.87","36.46","-116.87","Death Valley","CA","United States","1","0","1"
"171935691","03/27/2014","2.4074405472","1301","1301","0.0","6.66159627774","9.39513242663","","","","","313.6","Saucony Stabil CS2","2014-3-27 1:27:34","20.63","-87.07","20.63","-87.07","","","United States","0","0","0"
"126554166","04/03/2014 Berkeley, CA","3.12760975901","1795","1825","229.330708661","6.27236936292","8.50035790981","85.4","","","","461.2","Saucony Stabil CS2","2014-4-3 6:50:43","37.87","-122.28","37.87","-122.28","Berkeley","CA","United States","1","0","0"
"130583773","04/15/2014 Berkeley, CA","4.79499721626","2709","2780","389.107611549","6.37303149606","9.84251968504","86.6","","","","706.2","Saucony Stabil CS2","2014-4-15 7:46:41","37.87","-122.27","37.88","-122.28","Berkeley","CA","United States","1","0","0"
"147131260","Breaking in","0.999972659668","555","555","0.0","6.48711524696","0.0","","","","","130.1","Saucony Kinvara 5","2014-5-29 12:0:0","37.87","-122.27","","","Berkeley","CA","United States","0","0","0"
"147916953","05/31/2014 Berkeley, CA","4.02605036586","1880","1920","185.695538058","7.70848246242","10.5136005727","88.8","","","","529.2","Saucony Kinvara 5","2014-5-31 18:30:32","37.87","-122.28","37.87","-122.28","Berkeley","CA","United States","7","0","0"
"150019013","06/05/2014 Berkeley, CA","4.01070249742","2023","2189","422.572178478","7.13806370795","10.9609878311","91.7","","167.4","188","541.6","Saucony Kinvara 5","2014-6-5 21:22:26","37.87","-122.28","37.87","-122.28","Berkeley","CA","United States","2","1","0"
"153250517","06/13/2014 Berkeley, CA","5.02478028315","2495","2618","225.393700787","7.24991052255","10.7372942019","92.7","","171.4","183","658.9","Saucony Kinvara 5","2014-6-13 20:59:25","37.87","-122.28","37.87","-122.28","Berkeley","CA","United States","7","1","0"
"156686212","06/19/2014 San Francisco, CA","4.47262984172","2395","3197","335.62992126","6.72199355762","19.6850393701","90.3","","","","593.3","Saucony Kinvara 5","2014-6-19 18:51:29","37.78","-122.42","37.78","-122.42","San Francisco","CA","United States","0","0","0"
"164737588","07/11/2014 Berkeley, CA","4.01449286169","2120","2163","222.769028871","6.81818181818","9.17143879742","93.3","","","","529.6","Saucony Kinvara 5","2014-7-11 20:31:42","37.87","-122.28","37.87","-122.28","Berkeley","CA","United States","0","1","0"
"166982561","07/12/2014 Richmond, CA","3.0222252048","1859","1859","0.0","5.85182534001","9.39513242663","83.1","","","","396.6","Altra Lone Peak 1.5","2014-7-12 18:33:11","38.0","-122.36","38.0","-122.36","Richmond","CA","United States","0","0","0"
"166982562","07/15/2014 Berkeley, CA","7.15347371351","3781","5352","754.921259843","6.81147100931","10.5136005727","93.4","","","","963.8","Saucony Kinvara 5","2014-7-15 19:42:36","37.87","-122.28","37.87","-122.28","Berkeley","CA","United States","1","0","0"
"167470436","07/17/2014 Berkeley, CA","5.00564205043","3013","3309","708.333333333","5.98156764495","7.82927702219","92.6","","158.5","179","693.0","Saucony Kinvara 5","2014-7-17 20:23:26","37.87","-122.28","37.88","-122.27","Berkeley","CA","United States","7","1","0"
"168936013","07/19/2014 Berkeley, CA","5.05125069594","2776","4751","557.742782152","6.54974946314","11.6320687187","92.0","","","","724.4","Altra Lone Peak 1.5","2014-7-19 8:59:27","37.91","-122.26","37.91","-122.26","Berkeley","CA","United States","0","0","0"
"170710874","07/24/2014 Berkeley, CA","6.20973514674","3783","4047","851.049868766","5.90998568361","10.2899069435","92.5","","","","843.5","Saucony Kinvara 5","2014-7-24 21:18:5","37.87","-122.28","37.87","-122.28","Berkeley","CA","United States","2","0","0"
"171870494","Lone Oak to Vollmer","9.12477382089","6146","7811","1811.35170604","5.34404080172","9.39513242663","82.4","","","","1304.4","Altra Lone Peak 1.5","2014-7-26 9:16:26","37.91","-122.26","37.91","-122.26","Berkeley","CA","United States","0","0","2"
"173825080","Quick 5K","3.10524039609","1576","4713","158.464566929","7.0933249821","9.61882605583","94.4","","","","410.4","Saucony Stabil CS2","2014-7-31 19:37:15","37.87","-122.28","37.87","-122.28","Berkeley","CA","United States","2","1","0"
"174613443","First run in Marin headlands","10.0162550704","6606","8450","1461.28608924","5.45812455261","8.72405153901","84.2","","","","1459.1","Altra Lone Peak 1.5","2014-8-2 8:50:31","37.86","-122.58","37.86","-122.58","","","United States","0","1","2"
"176143523","08/05/2014 Berkeley, CA","4.05755388531","2002","2080","183.398950131","7.29688618468","8.72405153901","96.3","","166.5","180","532.2","Saucony Kinvara 5","2014-8-5 20:18:19","37.87","-122.28","37.87","-122.28","Berkeley","CA","United States","3","1","0"
"177126121","The shortest way to the top is straight!","5.06150332061","2993","3211","915.682414698","6.08894058697","10.2899069435","86.9","","162.6","187","718.6","Saucony Kinvara 5","2014-8-7 20:1:27","37.87","-122.28","37.87","-122.28","Berkeley","CA","United States","5","6","0"
"177926186","Vollmer #2 and so much explore","12.056465243","8181","11669","2519.02887139","5.30601288475","9.17143879742","81.9","","159.3","179","1782.5","Altra Lone Peak 1.5","2014-8-9 8:51:11","37.91","-122.26","37.91","-122.26","Berkeley","CA","United States","3","4","2"
"178577803","Birthday eve recovery run","4.06128211246","2586","2601","160.761154856","5.65273801002","10.5136005727","91.8","","139.6","155","531.6","Saucony Stabil CS2","2014-8-10 20:37:37","37.87","-122.28","37.87","-122.28","Berkeley","CA","United States","1","4","0"
"179479902","New 10K PR","7.02050027837","3358","3442","280.183727034","7.52729062276","10.7372942019","95.7","","172.0","185","920.0","Saucony Kinvara 5","2014-8-12 20:12:51","37.87","-122.28","37.87","-122.28","Berkeley","CA","United States","7","5","0"
"180390375","South and back","3.21385608049","1561","1615","86.6141732283","7.41096993558","10.0662133142","92.2","","","","419.7","Saucony Kinvara 5","2014-8-14 21:17:44","37.87","-122.28","37.87","-122.28","Berkeley","CA","United States","0","3","0"
"181147886","Cinderella Trail Half Marathon, 2014","13.1541795912","9227","9362","2691.92913386","5.05771295634","16.5533285612","77.6","","170.1","187","2159.5","Altra Lone Peak 1.5","2014-8-16 7:59:54","37.81","-122.18","37.81","-122.18","Oakland","CA","United States","1","4","1"
"181791921","Slow Recovery Run","4.36743169888","2568","2720","183.398950131","6.12249463135","12.7505368647","90.6","","","","571.1","Saucony Kinvara 5","2014-8-17 20:38:46","37.87","-122.28","37.87","-122.28","Berkeley","CA","United States","0","4","0"
"184998122","First run at some real altitude!","6.69682802434","5169","5965","1657.15223097","4.66401216893","9.84251968504","74.7","","163.0","178","1056.9","Altra Lone Peak 1.5","2014-8-24 9:38:6","38.96","-119.93","38.96","-119.93","","","","0","4","0"
"185902288","Dog attack!","6.10894873936","3483","3664","898.950131234","6.31487115247","10.2899069435","87.2","20","164.2","185","840.3","Saucony Kinvara 5","2014-8-26 21:6:30","37.87","-122.28","37.87","-122.28","Berkeley","CA","United States","6","4","0"
"186811058","Just couldn't find the Clark Kerr track","6.38570746838","3275","3426","511.811023622","7.01950608447","11.6320687187","91.8","20","163.1","183","854.6","Saucony Kinvara 5","2014-8-28 20:3:30","37.87","-122.28","37.87","-122.27","Berkeley","CA","United States","6","2","0"
"186811043","Slow run back home","0.778515966754","428","428","22.9658792651","6.54751252684","14.7637795276","86.1","19","150.6","162","102.1","Saucony Kinvara 5","2014-8-28 21:21:50","37.87","-122.27","37.87","-122.28","Berkeley","CA","United States","0","1","0"
"187618067","25K!","15.7581598465","11239","15380","2585.30183727","5.04652827487","17.8954903364","76.4","29","","","2211.8","Altra Lone Peak 1.5","2014-8-30 10:28:7","37.91","-122.26","37.91","-122.26","Berkeley","CA","United States","3","4","2"
"188229994","Just forcing it","1.05807086614","640","684","42.6509186352","5.95248747316","25.2773801002","85.1","24","","","139.9","Altra Lone Peak 1.5","2014-8-31 23:4:22","38.04","-120.23","38.04","-120.23","Twain Harte","California","United States","0","2","0"
"189608803","Starting the week","7.43278006442","3674","4088","511.811023622","7.28346456693","16.7770221904","94.6","20","165.8","184","984.6","Saucony Kinvara 5","2014-9-3 20:2:12","37.87","-122.28","37.87","-122.28","Berkeley","CA","United States","0","3","0"
"189608706","Cooling down","0.561595283544","372","375","0.0","5.43575518969","7.15819613457","88.8","19","144.7","151","73.5","Saucony Kinvara 5","2014-9-3 21:11:50","37.87","-122.28","37.87","-122.28","Berkeley","CA","United States","0","0","0"
"190249879","Forcing tired legs to climb","7.2364889048","4083","4240","672.572178478","6.37974230494","15.211166786","91.6","19","158.9","178","967.8","Altra Lone Peak 1.5","2014-9-4 19:18:57","37.87","-122.28","37.88","-122.27","Berkeley","CA","United States","0","0","0"
"190249404","Cooling down","0.301924262308","178","184","0.0","6.10683607731","7.38188976378","89.7","19","148.8","156","36.1","Altra Lone Peak 1.5","2014-9-4 20:30:30","37.88","-122.27","37.87","-122.28","Berkeley","CA","United States","0","0","0"
"190886960","A run to question all motivation","15.1459849479","10106","12425","1899.60629921","5.39549033644","11.6320687187","79.0","27","154.3","178","2084.5","Altra Lone Peak 1.5","2014-9-6 10:57:51","38.05","-122.77","38.05","-122.77","Point Reyes Station","California","United States","0","4","2"
"191495686","Run miles while the Sun shines!","4.2091063191","2107","2301","111.54855643","7.19175017895","8.94774516822","89.8","19","","","553.9","Altra Lone Peak 2.0","2014-9-7 18:53:58","37.87","-122.28","37.87","-122.28","Berkeley","CA","United States","8","5","0"
"191933825","Started with extreme boredom, but finished strong","6.26472649726","3208","3350","262.467191601","7.03069076593","9.17143879742","92.0","17","152.7","172","825.7","Saucony Kinvara 5","2014-9-8 19:26:39","37.87","-122.28","37.87","-122.28","Berkeley","CA","United States","2","4",""
"192872166","That climb just doesn't end! This run finishes 50+ mi in the last 8 days!!!","9.02367672791","4756","5014","856.299212598","6.82936649964","12.3031496063","86.9","19","159.7","180","1210.4","Altra Lone Peak 2.0","2014-9-10 19:14:2","37.87","-122.28","37.87","-122.28","Berkeley","CA","United States","1","3","0"
"193300766","Increased mileage + gym + biking = really tired legs","4.12180366659","2289","2383","209.973753281","6.48264137437","12.7505368647","89.4","20","","","541.9","Saucony Kinvara 5","2014-9-11 19:1:52","37.87","-122.28","37.87","-122.28","Berkeley","CA","United States","1","1",""
"194077668","Mt. Tam summit from Stinson Beach. Sufferfest in extreme heat!","17.0435904319","12317","18554","3395.66929134","4.98165712241","18.5665712241","74.6","28","157.2","178","2440.8","Altra Lone Peak 1.5","2014-9-13 8:9:26","37.9","-122.64","37.9","-122.64","Stinson Beach","California","United States","0","5","2"
"194741638","Slow recovery, finishing a first 40+ mile week","4.03984480633","2463","2482","144.356955381","5.90551181102","13.6453113815","86.8","20","","","530.0","Altra Lone Peak 2.0","2014-9-14 20:47:0","37.87","-122.28","37.87","-122.28","Berkeley","CA","United States","0","2","0"
"195600330","Not a good day at all","7.13930645033","3709","3964","72.1784776903","6.93002863278","21.9219756621","92.0","21","158.0","169","923.6","Saucony Kinvara 5","2014-9-16 19:39:7","37.87","-122.28","37.9","-122.3","Berkeley","CA","United States","0","1",""
"196844673","I like making interesting elevation maps","6.04457468385","3272","3472","675.853018373","6.65041159628","10.0662133142","89.4","21","159.5","181","816.4","Altra Lone Peak 2.0","2014-9-19 19:11:8","37.87","-122.28","37.87","-122.28","Berkeley","CA","United States","2","2","0"
"197839553","Quick test run before the big climb tomorrow","1.05720094647","818","891","200.131233596","4.65282748747","16.7770221904","72.4","20","","","147.0","Altra Lone Peak 1.5","2014-9-20 20:52:52","41.37","-122.13","41.37","-122.13","","California","United States","0","0","0"
"197839527","Mt. Shasta via Clear Creek : Failed summit attempt","10.458547085","15018","25767","5134.5144357","2.50760558339","11.8557623479","59.3","18","","","1923.8","Altra Lone Peak 1.5","2014-9-21 5:28:47","41.37","-122.13","41.37","-122.13","","California","United States","2","3","2"
"198695799","Still recovering from the weekend, but the ice bath helped","8.0219642289","4243","4377","196.850393701","6.80699713672","9.84251968504","89.6","23","156.7","172","1053.7","Altra Lone Peak 2.0","2014-9-23 17:39:43","37.87","-122.28","37.87","-122.28","Berkeley","CA","United States","3","1","0"
"199504196","Double Marin...running until dehydration!","9.03256233596","5485","5567","1499.34383202","5.92788117394","13.6453113815","83.5","20","156.3","181","1253.1","Altra Lone Peak 2.0","2014-9-25 18:59:54","37.87","-122.28","37.87","-122.28","Berkeley","CA","United States","6","2","0"
"200261068","You're going up a second time?! Oh my god!","20.3471103754","15548","20703","5055.77427822","4.71098783107","10.5136005727","72.9","20","153.8","174","3030.3","Altra Lone Peak 2.0","2014-9-27 7:0:42","37.92","-121.94","37.92","-121.94","Clayton","California","United States","0","5","2"
"201306421","Recovery","4.01641911238","2304","2530","200.131233596","6.27460629921","9.84251968504","87.7","19","","","528.5","Saucony Kinvara 5","2014-9-29 21:44:4","37.87","-122.28","37.87","-122.28","Berkeley","CA","United States","1","0",""
"202144330","Racing the Sun to the summit (Vollmer #4 with coyote sighting)","8.52341078104","5034","5435","1666.66666667","6.09565139585","12.3031496063","79.7","23","166.4","179","1203.0","Altra Lone Peak 1.5","2014-10-1 17:52:53","37.91","-122.26","37.91","-122.26","Berkeley","California","United States","14","4","0"
"202578576","The body just didn't want to climb today","6.54018034677","3617","3906","698.818897638","6.50948460988","9.17143879742","86.0","26","158.8","176","879.7","Altra Lone Peak 2.0","2014-10-2 19:38:20","37.87","-122.28","37.87","-122.28","Berkeley","CA","United States","7","3","0"
"202969350","Runcommute to Jupiter (the bar not the planet)","0.91254573292","578","7302","49.2125984252","5.68405511811","12.0794559771","83.1","27","","","124.9","Saucony Stabil CS2","2014-10-3 19:4:17","37.87","-122.28","37.87","-122.27","Berkeley","CA","United States","0","0","0"
"203271659","All trails lead to Vollmer peak (#5, #6, #7). Crazy hot day in Tilden!","20.0356791339","14787","19370","3868.11023622","4.87875805297","11.6320687187","75.2","26","149.0","171","2863.3","Altra Lone Peak 2.0","2014-10-4 6:50:29","37.87","-122.28","37.87","-122.28","Berkeley","CA","United States","6","5","2"
"203906962","Recovery that really felt like recovery","5.13842907421","3160","3204","252.624671916","5.85406227631","8.94774516822","89.4","21","136.7","154","675.9","Altra Lone Peak 2.0","2014-10-5 18:48:47","37.87","-122.28","37.87","-122.28","Berkeley","CA","United States","0","1","0"
"204691025","6 moderate + 1 hard + 2 cooldown","9.01193281238","4771","4860","324.803149606","6.80028632785","15.211166786","93.4","18","156.0","185","1182.9","Saucony Kinvara 5","2014-10-7 19:19:42","37.87","-122.28","37.87","-122.28","Berkeley","CA","United States","4","1",""
"205100314","Checking out some new shoes at Transports","0.515924500915","320","1358","36.0892388451","5.80484967788","12.3031496063","88.0","26","","","69.2","No name","2014-10-8 16:5:29","37.89","-122.29","37.89","-122.29","Berkeley","California","United States","0","0","0"
"205100007","Just four easy miles","4.0377942814","2209","2275","108.267716535","6.58106657122","11.1846814603","91.8","19","142.4","162","527.5","Altra Lone Peak 2.0","2014-10-8 19:44:26","37.87","-122.28","37.87","-122.28","Berkeley","CA","United States","1","0","0"
"205470931","Running is amazing when the body co-operates completely","13.1177672393","7316","7601","1295.93175853","6.45579813887","11.8557623479","88.1","18","159.6","180","1772.0","Altra Lone Peak 1.5","2014-10-9 17:36:13","37.87","-122.28","37.87","-122.28","Berkeley","CA","United States","22","4","2"
"206659961","Short run to meet a friend","1.03464517219","567","640","85.3018372703","6.56988188976","9.39513242663","89.3","25","145.7","161","143.9","Altra Instinct 2.0","2014-10-12 10:34:58","37.87","-122.28","37.87","-122.27","Berkeley","CA","United States","0","1","0"
"206659469","Slow, but not so easy","6.20606905671","3663","4591","518.372703412","6.10012526843","22.5930565497","86.5","30","150.8","172","827.9","Altra Instinct 2.0","2014-10-12 11:27:11","37.87","-122.27","37.87","-122.28","Berkeley","California","United States","2","3","0"
"207425313","Berkeley at its most beautiful!","4.20649656009","2072","2147","232.939632546","7.30807086614","12.3031496063","93.7","23","160.0","176","557.6","Altra Instinct 2.0","2014-10-14 14:40:41","37.87","-122.28","37.87","-122.28","Berkeley","CA","United States","1","0","0"
